{
  "id": "1544070",
  "name": "TW",
  "font_family": "iconfont",
  "css_prefix_text": "icon",
  "description": "",
  "glyphs": [
    {
      "icon_id": "11488067",
      "name": "link",
      "font_class": "link",
      "unicode": "e756",
      "unicode_decimal": 59222
    },
    {
      "icon_id": "12011690",
      "name": "camera",
      "font_class": "camera",
      "unicode": "e7b2",
      "unicode_decimal": 59314
    },
    {
      "icon_id": "12011697",
      "name": "search",
      "font_class": "search",
      "unicode": "e7b3",
      "unicode_decimal": 59315
    }
  ]
}
